Word,SemD,Word Probability
a,6.918695219020472,0.022433407009350884
and,6.918695219020472,0.02525638957159359
be,6.918695219020472,0.042608032038674463
have,6.918695219020472,0.019058101771886774
in,6.918695219020472,0.014493026183856143
of,6.918695219020472,0.021280260205349216
the,6.918695219020472,0.05411178496237178
to,6.918695219020472,0.02507822096668346
it,6.917705609835305,0.014680103219011777
on,6.917705609835305,0.007616707859908005
with,6.917705609835305,0.00702380233579041
that,6.915723448631314,0.010948460771727415
he,6.913737350659685,0.032254456442230316
not,6.913737350659685,0.012205539261926655
at,6.912742820493176,0.006228972392774669
for,6.912742820493176,0.006685281986461166
as,6.90975328164481,0.006755559602842383
they,6.907755278982137,0.010296165712639777
do,6.906754778648554,0.008624350303233067
but,6.904750769961838,0.006021109020379519
's,6.888572459565363,0.0048016439023279706
from,6.881411303642535,0.003770245645014892
i,6.881411303642535,0.020266678808527148
you,6.876264611890766,0.013227039263411395
say,6.874198495453294,0.006824847393640767
there,6.8690144506657065,0.004074122098944945
up,6.8690144506657065,0.003406979656114796
would,6.863803391452954,0.004419571227354028
go,6.86171134048073,0.0041186642501724775
out,6.859614903654202,0.003306017446665723
all,6.853299093186078,0.003308986923414225
what,6.851184927493743,0.0039038720986974886
one,6.848005274576363,0.0032594956442725228
know,6.843749949006225,0.003756388086855215
she,6.839476438228843,0.02256307416070214
by,6.838405200847344,0.002922954946108946
could,6.837332814685591,0.003206045062799484
this,6.834108738813838,0.0032575159931068545
if,6.831953565565855,0.003099143899853407
no,6.820016364674131,0.002898209306538095
like,6.816735880594968,0.0029447311089312953
so,6.80903930604298,0.0028487180273963925
look,6.804614520062624,0.003064500004454215
come,6.802394763324311,0.002705193317885455
see,6.80128303447162,0.0030318357602206916
an,6.79794041297493,0.002539892445552169
into,6.78897174299217,0.002498319771073139
when,6.776506992372183,0.002415174422115079
think,6.773080375655535,0.0029140465158634396
or,6.77078942390898,0.0024696148291709517
about,6.769641976852503,0.0027675523296040003
then,6.762729506931879,0.0024597165733426115
make,6.760414691083428,0.0021835552357319116
take,6.7580945044277305,0.002164748549658065
get,6.745236349484363,0.003161502911571952
back,6.744059186311348,0.002168707851989401
now,6.740519359606223,0.0021835552357319116
time,6.734591659972948,0.0019519360493487443
who,6.734591659972948,0.002149901165915554
we,6.71295620067707,0.004570024715944803
down,6.698268054115413,0.0018806686073846927
more,6.685860947068359,0.0017292252932110833
will,6.674561391814426,0.0028031860505860263
which,6.6320017773956295,0.0019558953516800805
just,6.630683385642372,0.0017965334328437987
over,6.628041376179533,0.0015688735487919673
some,6.6240652277998935,0.0015639244208777972
other,6.60934924316738,0.0015302703510614395
man,6.602587892189336,0.002047949130883647
tell,6.601230118728877,0.0017163575606342406
well,6.601230118728876,0.0016767645373208786
want,6.598509028614515,0.0018549331422310074
can,6.590301048196686,0.0018113808165863092
way,6.577861357721047,0.001416440409035524
hand,6.56244409369372,0.0013966438973788428
only,6.559615237493242,0.00137882703688783
good,6.556778356158042,0.0015094840138219245
too,6.5337888379333435,0.0012679665716104165
how,6.523562306149512,0.0013629898275624851
give,6.516193076042964,0.0012471802343709015
before,6.51025834052315,0.0011996686063948671
find,6.502790045915623,0.0012758851762730888
two,6.495265555937008,0.0012818241297700933
ask,6.492239835020471,0.0013689287810594896
still,6.492239835020471,0.0011402790714248243
where,6.492239835020471,0.0013065697693409445
after,6.486160788944089,0.0011917500017321948
than,6.470799503782602,0.001094747094614458
off,6.467698726104354,0.001178882269155352
feel,6.437751649736401,0.00129568168792977
very,6.437751649736401,0.0012204549436343822
any,6.429719478039138,0.00105614389688393
even,6.428105272684596,0.0010224898270675723
face,6.421622267806518,0.0011897703505665267
leave,6.415096959171596,0.0010878183155346196
eye,6.413458957167357,0.0010907877922831219
thing,6.413458957167357,0.0012085770366403736
again,6.411818267709897,0.001116523257436807
head,6.398594934535208,0.0011006860481114623
here,6.395261598115449,0.001173933141241182
turn,6.395261598115449,0.0010759404085406111
right,6.393590753950631,0.0010472354666384237
away,6.391917113392602,0.0010482252922212577
something,6.38856140554563,0.0010403066875585853
day,6.380122536899766,0.0011858110482351905
long,6.3784261836515865,0.0009452834316065166
first,6.368187186350492,0.00097299854792587
never,6.364750756851911,0.0010432761643070873
own,6.354370040797351,0.0009403343036923464
through,6.354370040797351,0.0010502049433869258
why,6.350885716714739,0.0009977441874967211
much,6.343880434126331,0.000953202036269189
seem,6.343880434126331,0.0010106119200735638
little,6.342121418721152,0.0010412965131414193
put,6.335054251498059,0.0008868837222193078
should,6.2878585601617845,0.0008215552337522606
try,6.284134161070802,0.0008750058152252991
stand,6.269096283706261,0.0008284840128320989
hear,6.263398262591624,0.0008997514547961504
work,6.261491684321042,0.000912619187372993
himself,6.259581464064923,0.0008779752919738013
must,6.259581464064923,0.0008670872105626268
old,6.251903883165888,0.0010017034898280573
keep,6.246106765481563,0.0008146264546724222
people,6.236369590203704,0.0009096497106244909
sit,6.236369590203704,0.0008047281988440817
nothing,6.230481447578482,0.0008255145360835967
might,6.2166061010848646,0.0009027209315446525
place,6.206575926724927,0.0008621380826484565
call,6.194405391104672,0.0007859215127702348
around,6.192362489474872,0.0007671148266963878
course,6.186208623900494,0.000771074129027724
because,6.184148890937483,0.0008443212221574437
another,6.182084906716631,0.0007255421522173578
mean,6.182084906716631,0.0007641453499478857
last,6.180016653652573,0.0007334607568800301
always,6.173786103901937,0.0007770130825247283
year,6.169610732491456,0.0007888909895187369
woman,6.1675164908883415,0.0009304360478640059
open,6.16541785423142,0.0007384098847942005
door,6.139884552226255,0.0009195479664528313
need,6.104793232414985,0.0006968372103151704
life,6.102558594613569,0.0007443488382912047
small,6.100318952020064,0.0006641729660816467
moment,6.09807428216624,0.0006315087218481232
move,6.0867747269123065,0.0007403895359598685
room,6.077642243349034,0.0008284840128320989
yes,6.056784013228625,0.0009215276176184994
mind,6.05443934626937,0.0006146816869399443
talk,6.042632833682381,0.0007007965126465066
walk,6.042632833682381,0.0006770406986584894
though,6.0330862217988015,0.0006522950590876382
house,6.030685260261263,0.000990815408416883
end,6.023447592961032,0.0005552921519699014
let,6.016157159698354,0.0006364578497622934
side,6.016157159698354,0.0006483357567563019
really,6.013715156042802,0.0006226002916026167
once,6.0112671744041615,0.0005572718031355695
begin,6.008813185442595,0.000586966570620591
hold,6.0063531596017325,0.0005899360473690931
run,6.0063531596017325,0.0005889462217862591
voice,6.0063531596017325,0.0006849593033211618
these,6.003887067106539,0.0006344781985966253
those,6.0014148779611505,0.0006057732566944378
few,5.996452088619021,0.0005622209310497397
most,5.991464547107982,0.0005345058147303864
round,5.991464547107982,0.0005711293612952462
new,5.986452005284438,0.0006334883730137913
both,5.978885764901122,0.0005632107566325737
while,5.973809611869261,0.0005444040705587269
under,5.968707559985366,0.0005325261635647183
perhaps,5.961005339623274,0.0005731090124609143
smile,5.961005339623274,0.0006334883730137913
far,5.953243334287785,0.0005176787798222075
watch,5.953243334287785,0.0005552921519699014
stop,5.948034989180646,0.0005552921519699014
wait,5.948034989180646,0.0005483633728900631
behind,5.934894195619588,0.0005305465123990502
oh,5.924255797414532,0.0006819898265726596
anything,5.921578419643816,0.0005335159891475523
night,5.921578419643816,0.0006265595939339529
ever,5.916202062607435,0.0004978822681655265
same,5.91350300563827,0.0005087703495767011
against,5.910796644040527,0.0005206482565707096
sure,5.910796644040527,0.0005364854658960544
across,5.908082938168931,0.0005354956403132204
bring,5.90808293816893,0.0004988720937483606
young,5.90536184805457,0.0006255697683511188
speak,5.902633333401366,0.0005374752914788885
word,5.902633333401366,0.0005315363379818842
girl,5.8998973535824915,0.0006661526172473148
home,5.8944028342648505,0.0006275494195167869
start,5.8944028342648505,0.0005186686054050415
towards,5.8944028342648505,0.0005820174427064207
point,5.8916442118257715,0.0004761061053431775
someone,5.891644211825771,0.0005414345938102247
herself,5.888877958332881,0.0006127020357742762
happen,5.883322388488279,0.0005166889542393735
remember,5.877735781779639,0.0005790479659579185
enough,5.87493073085203,0.0004761061053431775
help,5.872117789475416,0.0005137194774908713
three,5.872117789475416,0.0005147093030737054
light,5.8664680569332965,0.0005839970938720888
almost,5.863631175598098,0.000466207849514837
without,5.860786223465865,0.00047214680301184127
yet,5.857933154483459,0.00048204505884018176
use,5.8522024797744745,0.00048699418675435203
wonder,5.8522024797744745,0.00044938081460665815
foot,5.84354441703136,0.0004582892448521646
each,5.840641657373398,0.0004424520355268198
close,5.83773044716594,0.0004533401169379944
sound,5.831882477283517,0.0004850145355886839
between,5.817111159963204,0.00044443168669248793
lie,5.817111159963204,0.0004939229658341903
also,5.7899601708972535,0.0004483909890238241
next,5.786897381366708,0.000446411337858156
quite,5.786897381366708,0.0004404723843611517
arm,5.7745515455444085,0.0004899636635028542
body,5.771441123130016,0.0005760784892094164
fall,5.768320995793772,0.00043651308202981553
else,5.762051382780177,0.0004097877912932962
show,5.762051382780177,0.0004177063959559686
great,5.746203190540153,0.0004424520355268198
child,5.7430031878094825,0.0005543023263870673
minute,5.7430031878094825,0.0004236453494529729
such,5.7430031878094825,0.00041275726804179837
until,5.739792912179234,0.00041473691920746646
love,5.736572297479192,0.0005592514543012376
live,5.730099782973574,0.0004355232564469815
already,5.723585101952381,0.0003751438958941045
become,5.71042701737487,0.00038405232613961094
expect,5.707110264748875,0.000385042151722445
shake,5.700443573390687,0.0004038488377962919
every,5.700443573390686,0.0003771235470597726
bit,5.683579767338681,0.00041473691920746646
front,5.680172609017068,0.00039197093080228334
white,5.680172609017068,0.00043156395411564526
bad,5.680172609017067,0.00039197093080228334
many,5.676753802268282,0.0003949404075507855
question,5.676753802268282,0.00040879796571046214
name,5.673323267171493,0.0004602688960178327
hope,5.673323267171492,0.0003632659889000959
meet,5.66988092298052,0.0004078081401276281
change,5.662960480135946,0.0003830625005567769
window,5.662960480135946,0.00043156395411564526
set,5.655991810819852,0.00036227616331726187
since,5.655991810819852,0.00038009302380827476
reach,5.648974238161206,0.00038405232613961094
kind,5.645446897643238,0.00036623546564859804
mother,5.63478960316925,0.0005632107566325737
hair,5.634789603169249,0.00038207267497394285
sort,5.634789603169249,0.00040186918663062384
understand,5.631211781821365,0.0003731642447284364
believe,5.6240175061873385,0.0004196860471216367
pass,5.6240175061873385,0.00034742877957475116
pull,5.6204008657171505,0.00038900145405378116
rather,5.62040086571715,0.00035930668656875974
answer,5.6131281063880705,0.00038009302380827476
world,5.61312810638807,0.0004078081401276281
together,5.60947179518496,0.00035435755865458946
hour,5.605802066295998,0.00036227616331726187
catch,5.602118820879701,0.00033951017491207875
later,5.598421958998375,0.000324662791169568
stare,5.598421958998375,0.00036920494239710023
stay,5.598421958998375,0.00035930668656875974
part,5.594711379601839,0.00034445930282624897
water,5.594711379601839,0.0004929331402513563
case,5.5909869805108565,0.0003959302331336195
friend,5.58724865840025,0.0003771235470597726
fact,5.583496308781699,0.000345449128409083
return,5.583496308781699,0.0003434694772434149
week,5.583496308781699,0.00038900145405378116
die,5.572154032177765,0.0003612863377344278
second,5.572154032177765,0.0003345610469979085
follow,5.568344503761097,0.0003503982563232533
lot,5.568344503761097,0.0003791031982254407
black,5.560681631015528,0.00038405232613961094
nod,5.552959584921617,0.000345449128409083
big,5.549076084895219,0.0003385203493292447
death,5.549076084895219,0.000386031977305279
soon,5.545177444479562,0.00032664244233523613
morning,5.541263545158426,0.000365245640065764
god,5.537334267018537,0.0003583168609859257
past,5.537334267018537,0.000324662791169568
table,5.537334267018537,0.0003979098842992876
bed,5.53338948872752,0.000425625000618641
dark,5.53338948872752,0.0003602965121515938
probably,5.53338948872752,0.00031971366325539777
suddenly,5.53338948872752,0.00034742877957475116
thought,5.53338948872752,0.00030882558184422323
wall,5.53338948872752,0.0003949404075507855
along,5.5254529391317835,0.00031179505859272536
full,5.5254529391317835,0.0002979375004330487
father,5.517452896464708,0.0004939229658341903
car,5.5134287461649825,0.0005453938961415609
dead,5.5093883366279774,0.00034643895399191706
push,5.5093883366279774,0.00031377470975839345
wear,5.5093883366279774,0.00035930668656875974
air,5.505331535932363,0.0003226831400038999
everything,5.5053315359323625,0.00028704941902187416
laugh,5.5053315359323625,0.00033159157024940635
matter,5.501258210544727,0.0003098154074270573
late,5.5012582105447265,0.00030189680276438487
outside,5.5012582105447265,0.0003207034888382318
suppose,5.5012582105447265,0.00033159157024940635
top,5.5012582105447265,0.0003345610469979085
high,5.497168225293202,0.0002939781981017125
pick,5.497168225293202,0.0003058561050957211
early,5.493061443340548,0.00029892732601588274
hard,5.488937726156687,0.0003127848841755594
wish,5.488937726156687,0.00030189680276438487
decide,5.484796933490655,0.00029892732601588274
idea,5.480638923341991,0.00030387645393005296
money,5.472270673671475,0.0004137470936246324
step,5.4680601411351315,0.00033159157024940635
rest,5.46383180502561,0.00028704941902187416
boy,5.455321115357702,0.00044146220994398575
clear,5.455321115357702,0.0002900188957703763
job,5.455321115357702,0.0003583168609859257
miss,5.455321115357702,0.0004533401169379944
whole,5.455321115357702,0.0002880392446047082
half,5.4510384535657,0.0003078357562613892
inside,5.4510384535657,0.0003177340120897297
play,5.4510384535657,0.00029694767485021465
anyone,5.442417710521793,0.0002731918608621975
kill,5.442417710521793,0.000385042151722445
notice,5.43372200355424,0.0002801206399420358
office,5.420534999272285,0.0003632659889000959
carry,5.41610040220442,0.00025240552362268247
drink,5.4116460518550396,0.0003405000004949128
appear,5.398162701517753,0.0002603241282853548
family,5.3981627015177525,0.0003434694772434149
least,5.3981627015177525,0.0002603241282853548
business,5.393627546352362,0.00032367296558673394
lead,5.393627546352362,0.00027913081435920176
sense,5.393627546352362,0.0002682427329480272
shoulder,5.389071729816501,0.0002613139538681889
street,5.384495062789089,0.0004236453494529729
break,5.37989735354046,0.0002672529073651932
large,5.37989735354046,0.0002781409887763677
lose,5.3706380281276624,0.00026230377945102296
read,5.3706380281276624,0.0003058561050957211
add,5.365976015021852,0.00026428343061669104
line,5.365976015021851,0.00028902907018754225
may,5.365976015021851,0.00027121220969652935
mouth,5.365976015021851,0.00027418168644503154
floor,5.3612921657094255,0.00028506976785620607
send,5.351858133476067,0.0002821002911077039
paper,5.3471075307174685,0.00030090697718155083
rise,5.3471075307174685,0.0002603241282853548
continue,5.342334251964811,0.0002613139538681889
deep,5.342334251964811,0.0002504258724570143
either,5.342334251964811,0.00023260901196600148
reason,5.342334251964811,0.00025636482595401864
throw,5.342334251964811,0.0002514156980398484
able,5.337538079701318,0.0002514156980398484
different,5.337538079701318,0.0002613139538681889
touch,5.337538079701318,0.0002504258724570143
above,5.332718793265369,0.0002533953492055165
anyway,5.332718793265369,0.00025240552362268247
draw,5.332718793265369,0.00024349709337717602
leg,5.327876168789581,0.00028902907018754225
mr,5.318119993844217,0.0004681875006805051
london,5.318119993844216,0.000283090116690538
feeling,5.313205979041787,0.00024844622129134624
real,5.313205979041787,0.0002553750003711846
near,5.308267697401205,0.0002603241282853548
evening,5.308267697401204,0.00028506976785620607
less,5.308267697401204,0.0002454767445428441
allow,5.303304908059076,0.00023260901196600148
chair,5.298317366548036,0.00028111046552486984
wife,5.298317366548036,0.0002979375004330487
sometimes,5.293304824724492,0.0002553750003711846
sorry,5.293304824724492,0.00026923255853086126
forward,5.288267030694535,0.00024052761662867386
glance,5.288267030694535,0.00025636482595401864
glass,5.288267030694535,0.00027418168644503154
drive,5.2832037287379885,0.00030882558184422323
month,5.278114659230518,0.0002514156980398484
forget,5.278114659230517,0.00023359883754883552
four,5.267858159063328,0.00022864970963466528
listen,5.267858159063328,0.0002474563957085122
offer,5.267858159063328,0.00026428343061669104
red,5.267858159063328,0.0002494360468741803
road,5.267858159063328,0.0002939781981017125
alone,5.262690188904886,0.00023359883754883552
mrs,5.262690188904886,0.0005701395357124121
ring,5.262690188904886,0.0002900188957703763
drop,5.2574953720277815,0.00023260901196600148
cut,5.25227342804663,0.00024646657012567815
reply,5.25227342804663,0.0002781409887763677
buy,5.247024072160486,0.0002454767445428441
ten,5.247024072160486,0.00022568023288616312
write,5.241747015059643,0.00030090697718155083
pay,5.236441962829949,0.00025240552362268247
police,5.236441962829949,0.000345449128409083
cold,5.225746673713201,0.0002415174422115079
force,5.225746673713201,0.00022073110497199287
dress,5.214935757608986,0.0002613139538681889
heart,5.214935757608986,0.00022568023288616312
slowly,5.214935757608986,0.00022963953521749932
fire,5.209486152841421,0.00027913081435920176
hang,5.209486152841421,0.00022765988405183124
short,5.2094861528414205,0.00021479215147498858
',5.19295685089021,0.00023656831429733766
eat,5.19295685089021,0.0002613139538681889
lady,5.19295685089021,0.0004602688960178327
trouble,5.187385805840755,0.00023656831429733766
tree,5.181783550292085,0.0003127848841755594
although,5.176149732573829,0.00021974127938915883
wrong,5.176149732573829,0.00022073110497199287
blue,5.170483995038151,0.00023062936080033337
finger,5.170483995038151,0.0002355784887145036
order,5.170483995038151,0.000222710756137661
possible,5.170483995038151,0.0002128125003093205
cover,5.1647859739235145,0.00020588372122948216
pause,5.1647859739235145,0.0002068735468123162
quickly,5.1647859739235145,0.00020390407006381405
ago,5.159055299214529,0.00019400581423547356
finish,5.159055299214529,0.00019994476773247785
ground,5.159055299214529,0.000222710756137661
myself,5.159055299214529,0.0002108328491436524
interest,5.153291594497778,0.00022765988405183124
problem,5.147494476813454,0.00023062936080033337
arrive,5.147494476813453,0.00020291424448098
silence,5.147494476813453,0.0002128125003093205
sleep,5.147494476813453,0.0002415174422115079
agree,5.14166355650266,0.0002088531979779843
grow,5.14166355650266,0.0002088531979779843
bear,5.141663556502659,0.00022864970963466528
cry,5.135798437050262,0.000222710756137661
lip,5.135798437050262,0.0002167718026406567
raise,5.135798437050262,0.00020390407006381405
lean,5.1298987149230735,0.00019796511656680976
spend,5.1298987149230735,0.00019598546540114167
edge,5.12396397940326,0.00019796511656680976
beside,5.123963979403259,0.00020192441889814596
five,5.123963979403259,0.00021479215147498858
please,5.123963979403259,0.0002048938956466481
care,5.117993812416755,0.00020390407006381405
kitchen,5.117993812416755,0.000263293605033857
shall,5.117993812416755,0.0002355784887145036
view,5.1179938124167546,0.0002108328491436524
sign,5.111987788356543,0.00020093459331531192
themselves,5.099866427824199,0.00018806686073846927
everyone,5.093750200806762,0.00019598546540114167
hardly,5.093750200806762,0.00018707703515563522
hell,5.093750200806762,0.00022469040730332908
nice,5.093750200806762,0.00020192441889814596
book,5.0875963352323845,0.00028111046552486984
used,5.0875963352323845,0.0001989549421496438
whether,5.0875963352323845,0.00018707703515563522
certainly,5.081404364984463,0.00018707703515563522
explain,5.081404364984463,0.00019796511656680976
figure,5.081404364984463,0.0002068735468123162
imagine,5.081404364984463,0.00019103633748697143
number,5.0751738152338275,0.00020093459331531192
easy,5.075173815233827,0.00018113808165863093
fear,5.075173815233827,0.00019400581423547356
school,5.075173815233827,0.00024052761662867386
plan,5.0689042022202315,0.00027913081435920176
except,5.062595033026967,0.00017717877932729473
nor,5.062595033026967,0.00018608720957280118
picture,5.062595033026967,0.00023359883754883552
piece,5.062595033026967,0.00019499563981830763
wave,5.056245805348308,0.00020093459331531192
straight,5.0369526024136295,0.0001801482560757969
age,5.036952602413629,0.00018806686073846927
clothes,5.030437921392435,0.00018806686073846927
corner,5.030437921392435,0.00018311773282429902
doubt,5.030437921392435,0.00017321947699595853
heavy,5.030437921392435,0.00017519912816162664
low,5.0238805208462765,0.00017915843049296285
green,5.017279836814924,0.00021380232589215454
note,5.017279836814924,0.00018806686073846927
shout,5.017279836814924,0.0002068735468123162
smell,5.017279836814924,0.00019499563981830763
true,5.017279836814924,0.00018212790724146498
maybe,5.0106352940962555,0.0002108328491436524
cross,5.003946305945459,0.0001761889537444607
however,5.003946305945459,0.00017222965141312449
suggest,5.003946305945459,0.0001742093025787926
certain,4.997212273764115,0.00016728052349895424
join,4.997212273764115,0.00017717877932729473
flat,4.990432586778736,0.0001989549421496438
pretty,4.990432586778736,0.00017123982583029044
hall,4.983606621708336,0.00027121220969652935
itself,4.983606621708336,0.00016530087233328615
longer,4.983606621708336,0.00016332122116761806
ready,4.983606621708336,0.00016926017466462235
tear,4.983606621708336,0.0001841075584071331
yourself,4.983606621708336,0.0001682703490817883
desk,4.976733742420574,0.00022469040730332908
empty,4.976733742420574,0.0001643110467504521
free,4.976733742420574,0.00019400581423547356
murder,4.976733742420574,0.00022172093055482695
shrug,4.976733742420574,0.00017816860491012878
wind,4.976733742420574,0.0001841075584071331
worry,4.976733742420574,0.00016728052349895424
manage,4.969813299576001,0.00017123982583029044
person,4.969813299576001,0.00017519912816162664
enjoy,4.962844630259908,0.00017123982583029044
country,4.962844630259907,0.0002088531979779843
cup,4.962844630259907,0.00020093459331531192
hide,4.962844630259907,0.00016728052349895424
sister,4.962844630259907,0.00024349709337717602
story,4.962844630259907,0.0002068735468123162
happy,4.955827057601261,0.0001643110467504521
six,4.955827057601261,0.0001643110467504521
strong,4.955827057601261,0.000162331395584784
thank,4.955827057601261,0.00017321947699595853
visit,4.955827057601261,0.0001603517444191159
whatever,4.955827057601261,0.00015342296533927757
beautiful,4.948759890378168,0.0001761889537444607
consider,4.948759890378168,0.0001643110467504521
english,4.948759890378168,0.00018707703515563522
lift,4.941642422609305,0.0001801482560757969
press,4.941642422609305,0.000162331395584784
mark,4.934473933130692,0.00039197093080228334
actually,4.9344739331306915,0.00015441279092211162
tea,4.927253685157205,0.0002494360468741803
telephone,4.927253685157205,0.00020093459331531192
usual,4.927253685157205,0.00014847383742510733
war,4.927253685157205,0.00020786337239515025
often,4.919980925828125,0.0001603517444191159
grey,4.912654885736052,0.00016530087233328615
present,4.912654885736052,0.0001563924420877797
sun,4.912654885736052,0.00017717877932729473
surprise,4.9126548857360515,0.00015342296533927757
check,4.90527477843843,0.0001662906979161202
couple,4.90527477843843,0.0001563924420877797
indeed,4.90527477843843,0.00015144331417360946
suit,4.90527477843843,0.0001761889537444607
roll,4.897839799950912,0.0001682703490817883
beyond,4.897839799950911,0.00015243313975644353
realise,4.897839799950911,0.00016728052349895424
bright,4.890349128221754,0.00015837209325344782
exactly,4.890349128221754,0.00015540261650494566
phone,4.890349128221754,0.00022963953521749932
strike,4.890349128221754,0.00015936191883628186
whom,4.890349128221754,0.00014055523276243492
carefully,4.882801922586371,0.00014946366300794137
coffee,4.882801922586371,0.0002187514538063248
hot,4.882801922586371,0.00016530087233328615
realize,4.882801922586371,0.0001563924420877797
power,4.875197323201152,0.00019400581423547356
quietly,4.875197323201152,0.00014352470951093708
important,4.875197323201151,0.00015540261650494566
pale,4.875197323201151,0.00016332122116761806
usually,4.875197323201151,0.0001464941862594392
seat,4.867534450455582,0.0001643110467504521
several,4.867534450455582,0.00015342296533927757
slip,4.867534450455582,0.00015441279092211162
within,4.867534450455582,0.00015144331417360946
area,4.859812404361672,0.0001563924420877797
dream,4.859812404361672,0.0002821002911077039
experience,4.859812404361672,0.00015441279092211162
garden,4.859812404361672,0.00020093459331531192
gaze,4.859812404361672,0.00016134157000194995
stick,4.859812404361672,0.00014748401184227328
thin,4.859812404361672,0.00014352470951093708
difficult,4.852030263919618,0.00014550436067660517
fill,4.852030263919617,0.00014748401184227328
poor,4.852030263919617,0.00015837209325344782
instead,4.844187086458591,0.00014550436067660517
sky,4.844187086458591,0.00015441279092211162
warm,4.844187086458591,0.00014748401184227328
john,4.836281906951478,0.00020588372122948216
lay,4.836281906951478,0.0001375857560139328
let's,4.836281906951478,0.00015045348859077541
letter,4.836281906951478,0.00024052761662867386
sell,4.836281906951478,0.00018311773282429902
building,4.8283137373023015,0.00017717877932729473
company,4.8283137373023015,0.00017915843049296285
huge,4.8283137373023015,0.0001464941862594392
left,4.8283137373023015,0.00014352470951093708
none,4.828313737302301,0.0001375857560139328
guess,4.820281565605037,0.00014550436067660517
colour,4.812184355372418,0.0001643110467504521
finally,4.812184355372418,0.00014352470951093708
deal,4.812184355372417,0.00013956540717960088
during,4.812184355372417,0.00013857558159676683
accept,4.804021044733257,0.0001375857560139328
cause,4.804021044733257,0.00012966715135126039
sea,4.804021044733257,0.00023854796546300577
blood,4.795790545596741,0.00018113808165863093
breath,4.795790545596741,0.00013263662809976254
son,4.795790545596741,0.00019994476773247785
whose,4.795790545596741,0.00013659593043109875
afraid,4.7957905455967405,0.00014847383742510733
news,4.7957905455967405,0.0001682703490817883
afternoon,4.787491742782046,0.00013857558159676683
party,4.787491742782046,0.00015441279092211162
truth,4.787491742782046,0.00014550436067660517
particularly,4.77912349311153,0.0001336264536825966
report,4.77912349311153,0.00016926017466462235
wood,4.77912349311153,0.0001702500002474564
fast,4.770684624465665,0.00014352470951093708
form,4.770684624465665,0.00014451453509377112
sight,4.770684624465665,0.00013461627926543063
conversation,4.770684624465664,0.00013461627926543063
dear,4.770684624465664,0.00016530087233328615
enter,4.762173934797756,0.0001375857560139328
land,4.762173934797756,0.00015738226767061377
strange,4.762173934797756,0.00013857558159676683
tall,4.762173934797756,0.00014352470951093708
brown,4.7535901911063645,0.00015144331417360946
control,4.7535901911063645,0.00016332122116761806
hundred,4.7535901911063645,0.00014550436067660517
local,4.7535901911063645,0.0001702500002474564
sigh,4.7535901911063645,0.00012966715135126039
alive,4.74493212836325,0.0001276875001855923
attention,4.74493212836325,0.00012669767460275825
chance,4.74493212836325,0.0001336264536825966
nearly,4.74493212836325,0.00013065697693409446
simply,4.74493212836325,0.00013065697693409446
snap,4.74493212836325,0.00012471802343709014
beneath,4.736198448394496,0.00013560610484826468
grin,4.736198448394496,0.0001316468025169285
learn,4.736198448394496,0.00014451453509377112
neck,4.736198448394496,0.0001237281978542561
pain,4.736198448394496,0.00015540261650494566
pocket,4.736198448394496,0.0001464941862594392
search,4.736198448394496,0.00015243313975644353
somewhere,4.736198448394495,0.0001276875001855923
blow,4.727387818712341,0.00013857558159676683
position,4.727387818712341,0.0001257078490199242
rose,4.727387818712341,0.00044740116344099007
share,4.727387818712341,0.00016134157000194995
slightly,4.727387818712341,0.00011877906994008586
adam,4.718498871295094,0.0008948023268819801
ear,4.718498871295094,0.00012273837227142205
glad,4.718498871295094,0.00012867732576842634
husband,4.718498871295094,0.0001464941862594392
neither,4.718498871295094,0.00012075872110575395
shop,4.718498871295094,0.00018608720957280118
ahead,4.709530201312334,0.00012075872110575395
brother,4.709530201312334,0.00017321947699595853
clean,4.709530201312334,0.00013065697693409446
direction,4.709530201312334,0.00012867732576842634
fly,4.709530201312334,0.00015045348859077541
quiet,4.709530201312334,0.00012669767460275825
river,4.709530201312334,0.0002167718026406567
stuff,4.709530201312334,0.00013560610484826468
today,4.709530201312334,0.00012867732576842634
immediately,4.700480365792417,0.00012075872110575395
nose,4.700480365792417,0.0001237281978542561
settle,4.700480365792417,0.00012867732576842634
clearly,4.700480365792416,0.00013263662809976254
promise,4.700480365792416,0.0001257078490199242
somehow,4.700480365792416,0.00012966715135126039
wide,4.700480365792416,0.00011679941877441776
among,4.6913478822291435,0.00013065697693409446
apart,4.6913478822291435,0.00011679941877441776
church,4.6913478822291435,0.00022568023288616312
ignore,4.6913478822291435,0.0001158095931915837
state,4.6913478822291435,0.00011679941877441776
below,4.68213122712422,0.0001257078490199242
coat,4.68213122712422,0.0001316468025169285
group,4.68213122712422,0.0001375857560139328
interested,4.68213122712422,0.00014451453509377112
master,4.68213122712422,0.00019499563981830763
memory,4.68213122712422,0.00013560610484826468
swing,4.68213122712422,0.00011976889552291991
remind,4.682131227124219,0.0001158095931915837
admit,4.672828834461907,0.0001177892443572518
fight,4.672828834461907,0.00013659593043109875
sir,4.672828834461907,0.00020786337239515025
stairs,4.672828834461907,0.0001336264536825966
fit,4.672828834461906,0.0001177892443572518
thick,4.672828834461906,0.00011877906994008586
earth,4.663439094112068,0.0001237281978542561
approach,4.663439094112067,0.00011679941877441776
bloody,4.663439094112067,0.0001464941862594392
skin,4.663439094112067,0.00013263662809976254
twenty,4.663439094112067,0.0001237281978542561
aware,4.653960350157523,0.0001237281978542561
city,4.653960350157523,0.00018212790724146498
french,4.653960350157523,0.000162331395584784
tomorrow,4.653960350157523,0.00013659593043109875
whisper,4.644390899141373,0.00012867732576842634
act,4.6443908991413725,0.00011679941877441776
fine,4.6443908991413725,0.0001237281978542561
food,4.6443908991413725,0.00013956540717960088
game,4.6443908991413725,0.0001336264536825966
gently,4.6443908991413725,0.00011877906994008586
hit,4.6443908991413725,0.0001276875001855923
pleasure,4.6443908991413725,0.0001237281978542561
stone,4.6443908991413725,0.0001257078490199242
surprised,4.6443908991413725,0.00012669767460275825
trust,4.6443908991413725,0.00015738226767061377
yard,4.6443908991413725,0.00014451453509377112
choose,4.634728988229636,0.00011679941877441776
hate,4.634728988229636,0.0001237281978542561
private,4.634728988229636,0.0001177892443572518
shut,4.634728988229636,0.00011877906994008586
stretch,4.634728988229636,0.00011185029086024752
remain,4.624972813284272,0.00012075872110575395
scream,4.624972813284272,0.00014055523276243492
gun,4.624972813284271,0.00018608720957280118
mention,4.624972813284271,0.00011679941877441776
noise,4.624972813284271,0.00012075872110575395
receive,4.624972813284271,0.00010888081411174537
row,4.624972813284271,0.0001375857560139328
pour,4.61512051684126,0.00011679941877441776
soft,4.61512051684126,0.00011284011644308156
marry,4.615120516841259,0.00015243313975644353
nobody,4.615120516841259,0.00011679941877441776
dog,4.605170185988091,0.00016332122116761806
build,4.59511985013459,0.00011877906994008586
cheek,4.59511985013459,0.00011481976760874966
easily,4.59511985013459,0.00010888081411174537
main,4.59511985013459,0.00010591133736324323
tone,4.59511985013459,0.00010789098852891131
american,4.584967478670572,0.00016728052349895424
busy,4.584967478670572,0.00010492151178040917
human,4.584967478670572,0.00012867732576842634
lunch,4.584967478670572,0.00015342296533927757
silent,4.584967478670572,0.00011086046527741347
kiss,4.584967478670571,0.0001257078490199242
quick,4.584967478670571,0.0001237281978542561
dry,4.574710978503383,0.00011185029086024752
park,4.574710978503383,0.00012669767460275825
scene,4.574710978503383,0.00010987063969457942
bag,4.564348191467836,0.00013857558159676683
meeting,4.564348191467836,0.00012966715135126039
obviously,4.564348191467836,0.00010690116294607727
subject,4.564348191467836,0.0001276875001855923
demand,4.553876891600541,0.00011185029086024752
disappear,4.553876891600541,9.997238386623892e-05
key,4.553876891600541,0.00012174854668858801
sharp,4.553876891600541,0.00010987063969457942
spread,4.553876891600541,0.00010294186061474108
upon,4.553876891600541,0.00010987063969457942
bother,4.543294782270004,0.00010393168619757513
middle,4.543294782270004,0.00010987063969457942
station,4.543294782270004,0.00013263662809976254
study,4.543294782270004,0.00011382994202591562
support,4.543294782270004,0.00010690116294607727
british,4.532599493153256,0.00014847383742510733
burn,4.532599493153256,0.00011382994202591562
edward,4.532599493153256,0.0005176787798222075
ought,4.532599493153256,0.00011679941877441776
suspect,4.532599493153256,0.00010591133736324323
bar,4.532599493153255,0.0001257078490199242
detail,4.532599493153255,0.00011086046527741347
observe,4.532599493153255,0.00010789098852891131
bank,4.5217885770490405,0.00013461627926543063
bedroom,4.5217885770490405,0.0001158095931915837
boat,4.5217885770490405,0.0002504258724570143
bottom,4.5217885770490405,0.00010294186061474108
doctor,4.5217885770490405,0.00014253488392810304
future,4.5217885770490405,0.00010393168619757513
hill,4.5217885770490405,0.00012174854668858801
hurry,4.5217885770490405,0.00010393168619757513
public,4.5217885770490405,0.00012273837227142205
thanks,4.5217885770490405,0.00010789098852891131
tooth,4.5217885770490405,0.00011086046527741347
town,4.5217885770490405,0.00011877906994008586
track,4.5217885770490405,0.00012471802343709014
simple,4.52178857704904,0.00010492151178040917
service,4.510859506516851,0.00010888081411174537
board,4.51085950651685,9.700290711773678e-05
daughter,4.51085950651685,0.00012867732576842634
dinner,4.51085950651685,0.0001336264536825966
discover,4.51085950651685,0.00010393168619757513
horse,4.51085950651685,0.00015243313975644353
jacket,4.51085950651685,0.00011382994202591562
jump,4.51085950651685,9.898255828340488e-05
likely,4.51085950651685,0.00010195203503190702
ship,4.51085950651685,0.00015243313975644353
smoke,4.51085950651685,0.00012669767460275825
till,4.51085950651685,0.00010195203503190702
cigarette,4.499809670330265,0.00012669767460275825
especially,4.499809670330265,9.502325595206869e-05
handle,4.499809670330265,9.997238386623892e-05
knock,4.499809670330265,0.00010096220944907298
officer,4.499809670330265,0.00013857558159676683
presence,4.499809670330265,9.601308153490273e-05
rich,4.499809670330265,0.00011086046527741347
surely,4.499809670330265,9.997238386623892e-05
funny,4.4886363697321405,9.601308153490273e-05
train,4.4886363697321405,0.00011185029086024752
member,4.48863636973214,0.00012471802343709014
refuse,4.48863636973214,9.601308153490273e-05
rush,4.48863636973214,9.700290711773678e-05
summer,4.48863636973214,0.00011481976760874966
village,4.48863636973214,0.00013263662809976254
wine,4.48863636973214,0.0001375857560139328
darkness,4.477336814478207,0.0001177892443572518
flower,4.477336814478207,0.00011185029086024752
shape,4.477336814478207,0.00010492151178040917
shoot,4.477336814478206,0.0001177892443572518
animal,4.465908118654584,0.00010195203503190702
climb,4.465908118654584,9.799273270057084e-05
eventually,4.465908118654584,9.799273270057084e-05
expression,4.465908118654584,9.898255828340488e-05
further/far,4.465908118654584,9.502325595206869e-05
produce,4.465908118654584,9.997238386623892e-05
space,4.465908118654584,9.799273270057084e-05
coffin,4.454347296253508,0.0004137470936246324
lock,4.454347296253508,0.00010690116294607727
baby,4.454347296253507,0.00014550436067660517
bottle,4.454347296253507,0.00011481976760874966
pleased,4.454347296253507,9.304360478640059e-05
sake,4.454347296253507,9.403343036923463e-05
sweep,4.454347296253507,9.007412803789844e-05
tiny,4.454347296253507,9.799273270057084e-05
beat,4.442651256490317,0.00010294186061474108
bend,4.442651256490317,9.106395362073249e-05
guy,4.442651256490317,0.0001276875001855923
hurt,4.442651256490317,0.00010195203503190702
kid,4.442651256490317,0.00010789098852891131
message,4.442651256490317,0.0001158095931915837
mile,4.442651256490317,9.898255828340488e-05
path,4.442651256490317,0.00010690116294607727
slow,4.442651256490317,9.205377920356655e-05
ride,4.430816798843314,0.00011382994202591562
contact,4.430816798843313,9.898255828340488e-05
effect,4.430816798843313,9.304360478640059e-05
his,4.430816798843313,9.502325595206869e-05
information,4.430816798843313,0.0001237281978542561
prepare,4.430816798843313,9.205377920356655e-05
serious,4.430816798843313,9.304360478640059e-05
spot,4.430816798843313,9.502325595206869e-05
tired,4.430816798843313,9.007412803789844e-05
attempt,4.418840607796598,9.205377920356655e-05
level,4.418840607796598,9.700290711773678e-05
pair,4.418840607796598,9.799273270057084e-05
prefer,4.418840607796598,8.809447687223034e-05
prove,4.418840607796598,8.908430245506439e-05
sink,4.418840607796598,9.304360478640059e-05
serve,4.418840607796597,9.304360478640059e-05
thousand,4.418840607796597,0.00011481976760874966
wash,4.418840607796597,9.601308153490273e-05
account,4.406719247264253,0.00010294186061474108
asleep,4.406719247264253,9.304360478640059e-05
creature,4.406719247264253,0.0001158095931915837
paint,4.406719247264253,0.00011382994202591562
policeman,4.406719247264253,0.00012174854668858801
repeat,4.406719247264253,8.611482570656224e-05
avoid,4.4067192472642525,8.51250001237282e-05
afterwards,4.394449154672439,8.908430245506439e-05
mutter,4.394449154672439,9.898255828340488e-05
secret,4.394449154672439,0.00011382994202591562
shock,4.394449154672439,8.71046512893963e-05
stage,4.394449154672439,9.997238386623892e-05
struggle,4.394449154672439,9.106395362073249e-05
third,4.394449154672439,9.403343036923463e-05
apparently,4.394449154672438,9.106395362073249e-05
gather,4.394449154672438,8.809447687223034e-05
burst,4.382026634673881,8.71046512893963e-05
centre,4.382026634673881,9.700290711773678e-05
chest,4.382026634673881,9.304360478640059e-05
mine,4.382026634673881,8.908430245506439e-05
narrow,4.382026634673881,8.809447687223034e-05
record,4.382026634673881,0.00010096220944907298
slide,4.382026634673881,9.106395362073249e-05
wake,4.382026634673881,9.007412803789844e-05
dad,4.3694478524670215,0.00019004651190413738
escape,4.3694478524670215,8.908430245506439e-05
hers,4.3694478524670215,8.809447687223034e-05
joke,4.3694478524670215,9.601308153490273e-05
movement,4.3694478524670215,9.007412803789844e-05
newspaper,4.3694478524670215,0.00010195203503190702
parent,4.3694478524670215,0.00010294186061474108
personal,4.3694478524670215,9.700290711773678e-05
photograph,4.3694478524670215,0.00011185029086024752
plant,4.3694478524670215,0.00016926017466462235
cook,4.356708826689592,0.00010987063969457942
distance,4.356708826689592,8.908430245506439e-05
gesture,4.356708826689592,8.1165697792392e-05
interesting,4.356708826689592,9.403343036923463e-05
knee,4.356708826689592,8.908430245506439e-05
necessary,4.356708826689592,8.413517454089416e-05
particular,4.356708826689592,8.413517454089416e-05
plenty,4.356708826689592,8.51250001237282e-05
rain,4.356708826689592,0.0001177892443572518
safe,4.356708826689592,8.215552337522605e-05
south,4.356708826689592,9.502325595206869e-05
special,4.356708826689592,9.007412803789844e-05
spring,4.356708826689592,8.71046512893963e-05
taste,4.356708826689592,8.71046512893963e-05
term,4.356708826689592,9.007412803789844e-05
welcome,4.356708826689592,8.31453489580601e-05
address,4.343805421853684,9.205377920356655e-05
fellow,4.343805421853684,0.00010195203503190702
gate,4.343805421853684,0.0001158095931915837
holiday,4.343805421853684,8.908430245506439e-05
sing,4.343805421853684,9.898255828340488e-05
supposed,4.343805421853684,8.215552337522605e-05
chief,4.343805421853683,0.00013659593043109875
affair,4.330733340286331,8.31453489580601e-05
concerned,4.330733340286331,8.51250001237282e-05
field,4.330733340286331,0.00010690116294607727
loud,4.330733340286331,8.908430245506439e-05
murmur,4.330733340286331,9.898255828340488e-05
recognise,4.330733340286331,8.413517454089416e-05
terrible,4.330733340286331,8.215552337522605e-05
tie,4.330733340286331,9.304360478640059e-05
wooden,4.330733340286331,8.908430245506439e-05
arrange,4.317488113536311,8.413517454089416e-05
describe,4.317488113536311,8.017587220955795e-05
hat,4.317488113536311,0.00010492151178040917
hospital,4.317488113536311,0.00010096220944907298
angry,4.31748811353631,8.51250001237282e-05
aside,4.31748811353631,8.215552337522605e-05
charge,4.31748811353631,8.809447687223034e-05
crowd,4.31748811353631,0.00010294186061474108
discuss,4.31748811353631,8.413517454089416e-05
drag,4.31748811353631,8.215552337522605e-05
fair,4.31748811353631,9.106395362073249e-05
fresh,4.31748811353631,8.1165697792392e-05
grass,4.31748811353631,0.00010195203503190702
heat,4.31748811353631,9.502325595206869e-05
possibly,4.31748811353631,8.017587220955795e-05
roof,4.31748811353631,9.502325595206869e-05
silver,4.31748811353631,9.799273270057084e-05
sunday,4.31748811353631,0.00010690116294607727
worth,4.31748811353631,9.007412803789844e-05
bastard,4.304065093204169,0.00010888081411174537
christ,4.304065093204169,0.00010492151178040917
completely,4.304065093204169,7.819622104388985e-05
grip,4.304065093204169,9.007412803789844e-05
lord,4.304065093204169,0.00011284011644308156
nature,4.304065093204169,8.31453489580601e-05
peter,4.304065093204169,0.00023359883754883552
switch,4.304065093204169,9.304360478640059e-05
thirty,4.304065093204169,8.51250001237282e-05
tonight,4.304065093204169,9.403343036923463e-05
plain,4.290459441148392,9.304360478640059e-05
action,4.290459441148391,9.304360478640059e-05
block,4.290459441148391,8.71046512893963e-05
box,4.290459441148391,9.700290711773678e-05
court,4.290459441148391,0.00010195203503190702
familiar,4.290459441148391,8.31453489580601e-05
hesitate,4.290459441148391,8.31453489580601e-05
married,4.290459441148391,8.1165697792392e-05
protest,4.290459441148391,7.720639546105581e-05
stir,4.290459441148391,7.621656987822176e-05
tight,4.290459441148391,7.918604662672391e-05
wheel,4.290459441148391,9.799273270057084e-05
yellow,4.290459441148391,0.00011185029086024752
afford,4.276666119016055,8.1165697792392e-05
ah,4.276666119016055,8.215552337522605e-05
cool,4.276666119016055,8.215552337522605e-05
de,4.276666119016055,0.00017915843049296285
effort,4.276666119016055,7.522674429538771e-05
entirely,4.276666119016055,7.32470931297196e-05
intend,4.276666119016055,7.423691871255366e-05
lucky,4.276666119016055,8.215552337522605e-05
pile,4.276666119016055,8.017587220955795e-05
pound,4.276666119016055,9.700290711773678e-05
shirt,4.276666119016054,9.601308153490273e-05
aunt,4.2626798770413155,0.0001841075584071331
complete,4.2626798770413155,7.225726754688556e-05
count,4.2626798770413155,7.918604662672391e-05
leather,4.2626798770413155,8.31453489580601e-05
mistake,4.2626798770413155,8.611482570656224e-05
odd,4.2626798770413155,7.819622104388985e-05
remove,4.2626798770413155,7.32470931297196e-05
sudden,4.2626798770413155,7.621656987822176e-05
unless,4.2626798770413155,7.621656987822176e-05
attack,4.248495242049359,8.611482570656224e-05
bill,4.248495242049359,0.00013560610484826468
breathe,4.248495242049359,7.126744196405152e-05
cloud,4.248495242049359,7.819622104388985e-05
collect,4.248495242049359,7.522674429538771e-05
entrance,4.248495242049359,8.611482570656224e-05
servant,4.248495242049359,0.00011679941877441776
fix,4.2484952420493585,7.225726754688556e-05
warn,4.2484952420493585,7.621656987822176e-05
anger,4.23410650459726,8.51250001237282e-05
firm,4.23410650459726,8.017587220955795e-05
journey,4.23410650459726,8.017587220955795e-05
kick,4.23410650459726,8.611482570656224e-05
relationship,4.23410650459726,8.31453489580601e-05
relief,4.23410650459726,7.522674429538771e-05
surface,4.23410650459726,8.1165697792392e-05
waste,4.23410650459726,7.32470931297196e-05
damn,4.234106504597259,8.51250001237282e-05
shoe,4.234106504597259,8.413517454089416e-05
boot,4.219507705176107,8.1165697792392e-05
brush,4.219507705176107,6.928779079838342e-05
deck,4.219507705176107,0.00014352470951093708
general,4.219507705176107,7.819622104388985e-05
king,4.219507705176107,0.00013659593043109875
living,4.219507705176107,7.720639546105581e-05
obvious,4.219507705176107,7.225726754688556e-05
occasion,4.219507705176107,7.32470931297196e-05
opposite,4.219507705176107,7.522674429538771e-05
pack,4.219507705176107,8.017587220955795e-05
sharply,4.219507705176107,7.621656987822176e-05
single,4.219507705176107,7.32470931297196e-05
throat,4.219507705176106,7.423691871255366e-05
background,4.204692619390966,7.225726754688556e-05
dance,4.204692619390966,0.00010294186061474108
event,4.204692619390966,7.423691871255366e-05
flesh,4.204692619390966,8.1165697792392e-05
involve,4.204692619390966,8.31453489580601e-05
sheet,4.204692619390966,7.720639546105581e-05
star,4.204692619390966,8.31453489580601e-05
tongue,4.204692619390966,7.621656987822176e-05
treat,4.204692619390966,7.621656987822176e-05
trip,4.204692619390966,6.928779079838342e-05
twice,4.204692619390966,7.027761638121746e-05
save,4.189654742026426,7.423691871255366e-05
bite,4.189654742026425,7.423691871255366e-05
companion,4.189654742026425,8.215552337522605e-05
dangerous,4.189654742026425,7.423691871255366e-05
desire,4.189654742026425,7.126744196405152e-05
duty,4.189654742026425,7.126744196405152e-05
flash,4.189654742026425,7.126744196405152e-05
impossible,4.189654742026425,7.225726754688556e-05
interrupt,4.189654742026425,7.225726754688556e-05
knife,4.189654742026425,9.502325595206869e-05
object,4.189654742026425,7.32470931297196e-05
plate,4.189654742026425,8.71046512893963e-05
reflect,4.189654742026425,7.027761638121746e-05
rule,4.189654742026425,8.1165697792392e-05
silly,4.189654742026425,7.126744196405152e-05
system,4.189654742026425,8.71046512893963e-05
york,4.189654742026425,0.00010195203503190702
grant,4.174387269895637,0.00011086046527741347
mum,4.174387269895637,0.00015540261650494566
result,4.174387269895637,6.928779079838342e-05
rock,4.174387269895637,7.423691871255366e-05
square,4.174387269895637,8.809447687223034e-05
awful,4.158883083359672,6.730813963271532e-05
calm,4.158883083359672,6.928779079838342e-05
gold,4.158883083359672,8.31453489580601e-05
mirror,4.158883083359672,7.918604662672391e-05
perfectly,4.158883083359672,7.225726754688556e-05
upstairs,4.158883083359672,7.423691871255366e-05
bow,4.1588830833596715,7.621656987822176e-05
brief,4.1588830833596715,6.532848846704723e-05
circle,4.1588830833596715,7.918604662672391e-05
danger,4.1588830833596715,7.225726754688556e-05
dare,4.1588830833596715,6.730813963271532e-05
deeply,4.1588830833596715,6.730813963271532e-05
difference,4.1588830833596715,6.631831404988127e-05
difficulty,4.1588830833596715,7.027761638121746e-05
due,4.1588830833596715,6.730813963271532e-05
fail,4.1588830833596715,7.027761638121746e-05
guard,4.1588830833596715,8.017587220955795e-05
meal,4.1588830833596715,7.720639546105581e-05
merely,4.1588830833596715,6.730813963271532e-05
pink,4.1588830833596715,8.1165697792392e-05
situation,4.1588830833596715,6.829796521554937e-05
stupid,4.1588830833596715,7.621656987822176e-05
accident,4.143134726391533,8.017587220955795e-05
corridor,4.143134726391533,8.908430245506439e-05
cottage,4.143134726391533,0.00011877906994008586
direct,4.143134726391533,6.730813963271532e-05
insist,4.143134726391533,6.928779079838342e-05
leap,4.143134726391533,6.829796521554937e-05
loose,4.143134726391533,7.027761638121746e-05
north,4.143134726391533,7.819622104388985e-05
peer,4.143134726391533,7.522674429538771e-05
steel,4.143134726391533,8.413517454089416e-05
sweet,4.143134726391533,7.720639546105581e-05
tip,4.143134726391533,7.126744196405152e-05
worried,4.143134726391533,6.532848846704723e-05
brain,4.127134385045092,8.31453489580601e-05
comfortable,4.127134385045092,6.829796521554937e-05
common,4.127134385045092,7.522674429538771e-05
evidence,4.127134385045092,8.413517454089416e-05
fashion,4.127134385045092,8.51250001237282e-05
feed,4.127134385045092,6.730813963271532e-05
invite,4.127134385045092,7.126744196405152e-05
market,4.127134385045092,8.017587220955795e-05
radio,4.127134385045092,8.017587220955795e-05
recognize,4.127134385045092,6.631831404988127e-05
seek,4.127134385045092,6.433866288421317e-05
skirt,4.127134385045092,7.225726754688556e-05
slight,4.127134385045092,6.631831404988127e-05
travel,4.127134385045092,7.027761638121746e-05
win,4.127134385045092,7.32470931297196e-05
prince,4.110873864173312,0.00027715116319353367
blame,4.110873864173311,7.126744196405152e-05
bone,4.110873864173311,7.621656987822176e-05
bus,4.110873864173311,9.502325595206869e-05
chin,4.110873864173311,6.730813963271532e-05
eight,4.110873864173311,6.829796521554937e-05
fat,4.110873864173311,8.51250001237282e-05
hotel,4.110873864173311,9.304360478640059e-05
impression,4.110873864173311,6.532848846704723e-05
lane,4.110873864173311,0.00012966715135126039
length,4.110873864173311,6.334883730137913e-05
normal,4.110873864173311,6.928779079838342e-05
plane,4.110873864173311,0.00011185029086024752
provide,4.110873864173311,6.433866288421317e-05
purpose,4.110873864173311,6.631831404988127e-05
speed,4.110873864173311,7.32470931297196e-05
spirit,4.110873864173311,9.403343036923463e-05
unable,4.110873864173311,6.631831404988127e-05
wet,4.110873864173311,6.928779079838342e-05
yours,4.110873864173311,6.928779079838342e-05
engine,4.094344562222101,9.304360478640059e-05
file,4.094344562222101,0.00010096220944907298
natural,4.094344562222101,7.027761638121746e-05
ok,4.094344562222101,7.522674429538771e-05
trace,4.094344562222101,6.0379360552876976e-05
accord,4.0943445622221,6.532848846704723e-05
ball,4.0943445622221,7.027761638121746e-05
chapter,4.0943445622221,6.235901171854507e-05
concern,4.0943445622221,6.631831404988127e-05
contain,4.0943445622221,6.334883730137913e-05
drift,4.0943445622221,6.928779079838342e-05
frame,4.0943445622221,6.829796521554937e-05
government,4.0943445622221,0.00010690116294607727
grab,4.0943445622221,6.532848846704723e-05
tough,4.0943445622221,6.334883730137913e-05
breast,4.07753744390572,7.027761638121746e-05
cast,4.07753744390572,5.839970938720888e-05
excitement,4.07753744390572,7.225726754688556e-05
image,4.07753744390572,7.423691871255366e-05
jesus,4.07753744390572,0.00010591133736324323
lack,4.07753744390572,6.235901171854507e-05
leaf,4.07753744390572,6.631831404988127e-05
martin,4.07753744390572,0.00019697529098397572
value,4.07753744390572,6.532848846704723e-05
choice,4.077537443905719,6.235901171854507e-05
music,4.077537443905719,9.007412803789844e-05
rub,4.077537443905719,7.126744196405152e-05
twist,4.077537443905719,6.334883730137913e-05
absolutely,4.06044301054642,6.433866288421317e-05
crime,4.06044301054642,9.205377920356655e-05
firmly,4.06044301054642,6.532848846704723e-05
supply,4.06044301054642,6.235901171854507e-05
bird,4.060443010546419,6.829796521554937e-05
content,4.060443010546419,6.334883730137913e-05
curtain,4.060443010546419,7.720639546105581e-05
hole,4.060443010546419,6.730813963271532e-05
match,4.060443010546419,7.423691871255366e-05
nine,4.060443010546419,6.235901171854507e-05
previous,4.060443010546419,6.433866288421317e-05
remark,4.060443010546419,6.334883730137913e-05
sick,4.060443010546419,6.532848846704723e-05
silk,4.060443010546419,9.502325595206869e-05
teach,4.060443010546419,6.433866288421317e-05
assume,4.04305126783455,6.136918613571103e-05
closer,4.04305126783455,6.631831404988127e-05
club,4.04305126783455,8.71046512893963e-05
copy,4.04305126783455,6.829796521554937e-05
darling,4.04305126783455,7.32470931297196e-05
greet,4.04305126783455,5.839970938720888e-05
list,4.04305126783455,7.32470931297196e-05
machine,4.04305126783455,7.225726754688556e-05
metal,4.04305126783455,6.433866288421317e-05
price,4.04305126783455,7.621656987822176e-05
professional,4.04305126783455,6.334883730137913e-05
pub,4.04305126783455,7.720639546105581e-05
replace,4.04305126783455,6.0379360552876976e-05
shift,4.04305126783455,6.136918613571103e-05
softly,4.04305126783455,6.235901171854507e-05
stomach,4.04305126783455,6.136918613571103e-05
strength,4.04305126783455,6.433866288421317e-05
tap,4.04305126783455,6.532848846704723e-05
television,4.04305126783455,6.928779079838342e-05
wrap,4.04305126783455,6.235901171854507e-05
bury,4.043051267834549,6.631831404988127e-05
despite,4.043051267834549,5.938953497004293e-05
dirty,4.043051267834549,6.433866288421317e-05
upset,4.043051267834549,6.334883730137913e-05
yesterday,4.043051267834549,6.928779079838342e-05
belong,4.02535169073515,6.136918613571103e-05
bind,4.02535169073515,5.839970938720888e-05
blind,4.02535169073515,6.433866288421317e-05
claim,4.02535169073515,5.938953497004293e-05
deliberately,4.02535169073515,6.136918613571103e-05
express,4.02535169073515,6.0379360552876976e-05
film,4.02535169073515,7.918604662672391e-05
mad,4.02535169073515,7.126744196405152e-05
occur,4.02535169073515,6.136918613571103e-05
plastic,4.02535169073515,7.126744196405152e-05
proper,4.02535169073515,6.136918613571103e-05
recall,4.02535169073515,6.0379360552876976e-05
shine,4.02535169073515,5.938953497004293e-05
sip,4.02535169073515,6.433866288421317e-05
smooth,4.02535169073515,6.136918613571103e-05
steady,4.02535169073515,5.740988380437483e-05
stream,4.02535169073515,7.027761638121746e-05
pop,4.025351690735149,6.433866288421317e-05
anxious,4.007333185232471,6.235901171854507e-05
emerge,4.007333185232471,5.642005822154078e-05
exchange,4.007333185232471,6.235901171854507e-05
favourite,4.007333185232471,6.334883730137913e-05
forest,4.007333185232471,8.809447687223034e-05
jerk,4.007333185232471,5.938953497004293e-05
palm,4.007333185232471,6.532848846704723e-05
sentence,4.007333185232471,6.334883730137913e-05
spite,4.007333185232471,6.235901171854507e-05
staff,4.007333185232471,7.126744196405152e-05
sweat,4.007333185232471,6.829796521554937e-05
trade,4.007333185232471,7.918604662672391e-05
twelve,4.007333185232471,6.433866288421317e-05
wander,4.007333185232471,5.740988380437483e-05
yell,4.007333185232471,7.225726754688556e-05
date,4.00733318523247,6.235901171854507e-05
respond,4.00733318523247,5.839970938720888e-05
sergeant,4.00733318523247,0.00012966715135126039
wipe,4.00733318523247,6.235901171854507e-05
anywhere,3.9889840465642745,5.938953497004293e-05
clutch,3.9889840465642745,5.642005822154078e-05
driver,3.9889840465642745,7.918604662672391e-05
eyebrow,3.9889840465642745,5.938953497004293e-05
fifteen,3.9889840465642745,6.730813963271532e-05
habit,3.9889840465642745,5.5430232638706736e-05
manner,3.9889840465642745,5.3450581473038635e-05
murderer,3.9889840465642745,9.106395362073249e-05
otherwise,3.9889840465642745,5.740988380437483e-05
persuade,3.9889840465642745,5.740988380437483e-05
properly,3.9889840465642745,5.5430232638706736e-05
saturday,3.9889840465642745,7.621656987822176e-05
visitor,3.9889840465642745,6.631831404988127e-05
card,3.988984046564274,5.938953497004293e-05
glimpse,3.988984046564274,6.136918613571103e-05
identify,3.988984046564274,5.642005822154078e-05
issue,3.988984046564274,6.433866288421317e-05
lad,3.988984046564274,6.730813963271532e-05
lovely,3.988984046564274,6.136918613571103e-05
mood,3.988984046564274,5.740988380437483e-05
post,3.988984046564274,6.631831404988127e-05
risk,3.988984046564274,5.938953497004293e-05
type,3.988984046564274,6.0379360552876976e-05
badly,3.970291913552122,5.5430232638706736e-05
england,3.970291913552122,7.027761638121746e-05
fish,3.970291913552122,8.1165697792392e-05
guest,3.970291913552122,6.928779079838342e-05
heavily,3.970291913552122,5.3450581473038635e-05
marriage,3.970291913552122,7.621656987822176e-05
onto,3.970291913552122,6.631831404988127e-05
owner,3.970291913552122,5.642005822154078e-05
reckon,3.970291913552122,5.839970938720888e-05
weather,3.970291913552122,5.938953497004293e-05
dig,3.9702919135521215,6.235901171854507e-05
expensive,3.9702919135521215,6.235901171854507e-05
faint,3.9702919135521215,5.642005822154078e-05
pleasant,3.9702919135521215,5.740988380437483e-05
weight,3.9702919135521215,5.642005822154078e-05
extra,3.9512437185814275,5.839970938720888e-05
operation,3.9512437185814275,7.918604662672391e-05
quarter,3.9512437185814275,6.0379360552876976e-05
shit,3.9512437185814275,7.126744196405152e-05
successful,3.9512437185814275,5.938953497004293e-05
traffic,3.9512437185814275,7.027761638121746e-05
announce,3.951243718581427,5.3450581473038635e-05
appearance,3.951243718581427,5.642005822154078e-05
besides,3.951243718581427,5.4440407055872686e-05
cat,3.951243718581427,7.918604662672391e-05
character,3.951243718581427,6.0379360552876976e-05
colleague,3.951243718581427,6.0379360552876976e-05
confirm,3.951243718581427,6.730813963271532e-05
design,3.951243718581427,6.532848846704723e-05
fade,3.951243718581427,5.839970938720888e-05
famous,3.951243718581427,6.235901171854507e-05
fetch,3.951243718581427,5.642005822154078e-05
fifty,3.951243718581427,5.740988380437483e-05
flick,3.951243718581427,5.4440407055872686e-05
fling,3.951243718581427,5.4440407055872686e-05
knowledge,3.951243718581427,5.839970938720888e-05
law,3.951243718581427,6.235901171854507e-05
o'clock,3.951243718581427,6.235901171854507e-05
release,3.951243718581427,5.5430232638706736e-05
size,3.951243718581427,5.3450581473038635e-05
swear,3.951243718581427,6.532848846704723e-05
tuck,3.951243718581427,5.3450581473038635e-05
uniform,3.951243718581427,6.0379360552876976e-05
violence,3.951243718581427,6.433866288421317e-05
detective,3.931825632724326,6.730813963271532e-05
dust,3.931825632724326,5.4440407055872686e-05
fucking,3.931825632724326,9.898255828340488e-05
pat,3.931825632724326,6.532848846704723e-05
steal,3.931825632724326,5.839970938720888e-05
bang,3.9318256327243257,6.235901171854507e-05
comfort,3.9318256327243257,5.3450581473038635e-05
disturb,3.9318256327243257,5.147093030737054e-05
estate,3.9318256327243257,6.928779079838342e-05
excuse,3.9318256327243257,5.4440407055872686e-05
final,3.9318256327243257,6.235901171854507e-05
naked,3.9318256327243257,5.642005822154078e-05
naturally,3.9318256327243257,5.5430232638706736e-05
ordinary,3.9318256327243257,6.532848846704723e-05
period,3.9318256327243257,5.740988380437483e-05
protect,3.9318256327243257,5.642005822154078e-05
stroke,3.9318256327243257,5.938953497004293e-05
surround,3.9318256327243257,5.642005822154078e-05
swallow,3.9318256327243257,5.4440407055872686e-05
west,3.9318256327243257,5.4440407055872686e-05
william,3.9318256327243257,0.00011086046527741347
ease,3.9318256327243253,5.740988380437483e-05
furniture,3.9318256327243253,5.4440407055872686e-05
golden,3.9318256327243253,5.4440407055872686e-05
motion,3.9318256327243253,5.3450581473038635e-05
cost,3.9120230054281464,7.522674429538771e-05
kit,3.9120230054281464,0.00012471802343709014
secretary,3.9120230054281464,6.928779079838342e-05
arrangement,3.912023005428146,5.3450581473038635e-05
awake,3.912023005428146,5.740988380437483e-05
camp,3.912023005428146,6.829796521554937e-05
ceiling,3.912023005428146,5.147093030737054e-05
chap,3.912023005428146,6.532848846704723e-05
collar,3.912023005428146,5.5430232638706736e-05
crash,3.912023005428146,5.740988380437483e-05
east,3.912023005428146,6.0379360552876976e-05
inch,3.912023005428146,5.5430232638706736e-05
interview,3.912023005428146,6.433866288421317e-05
pace,3.912023005428146,5.4440407055872686e-05
pattern,3.912023005428146,5.4440407055872686e-05
pin,3.912023005428146,5.642005822154078e-05
possession,3.912023005428146,5.2460755890204585e-05
possibility,3.912023005428146,5.5430232638706736e-05
pretend,3.912023005428146,5.642005822154078e-05
rage,3.912023005428146,5.740988380437483e-05
seven,3.912023005428146,5.839970938720888e-05
sex,3.912023005428146,7.621656987822176e-05
shiver,3.912023005428146,5.2460755890204585e-05
social,3.912023005428146,6.136918613571103e-05
somebody,3.912023005428146,5.839970938720888e-05
van,3.912023005428146,0.00011185029086024752
nick,3.9120230054281455,0.00013857558159676683
various,3.9120230054281455,5.4440407055872686e-05
bread,3.891820298110627,6.0379360552876976e-05
button,3.891820298110627,5.147093030737054e-05
clever,3.891820298110627,5.642005822154078e-05
create,3.891820298110627,5.740988380437483e-05
fool,3.891820298110627,5.3450581473038635e-05
frown,3.891820298110627,5.5430232638706736e-05
joe,3.891820298110627,0.0002187514538063248
miranda,3.891820298110627,0.0003830625005567769
national,3.891820298110627,5.839970938720888e-05
perfect,3.891820298110627,5.5430232638706736e-05
process,3.891820298110627,5.740988380437483e-05
seriously,3.891820298110627,5.740988380437483e-05
trap,3.891820298110627,6.334883730137913e-05
vehicle,3.891820298110627,7.819622104388985e-05
amount,3.8918202981106265,4.949127914170244e-05
careful,3.8918202981106265,5.5430232638706736e-05
drug,3.8918202981106265,9.403343036923463e-05
ill,3.8918202981106265,6.730813963271532e-05
mess,3.8918202981106265,5.4440407055872686e-05
similar,3.8918202981106265,5.5430232638706736e-05
uncle,3.8918202981106265,0.00010096220944907298
unlike,3.8918202981106265,5.147093030737054e-05
weekend,3.8918202981106265,6.0379360552876976e-05
matthew,3.8712010109078916,0.0003424796516605809
anxiety,3.871201010907891,5.839970938720888e-05
briefly,3.871201010907891,4.949127914170244e-05
curious,3.871201010907891,5.4440407055872686e-05
directly,3.871201010907891,5.147093030737054e-05
double,3.871201010907891,5.2460755890204585e-05
downstairs,3.871201010907891,5.2460755890204585e-05
eighteen,3.871201010907891,4.949127914170244e-05
european,3.871201010907891,0.00013659593043109875
gasp,3.871201010907891,5.147093030737054e-05
glow,3.871201010907891,5.3450581473038635e-05
helen,3.871201010907891,0.0003751438958941045
inspector,3.871201010907891,8.1165697792392e-05
island,3.871201010907891,0.00010987063969457942
luck,3.871201010907891,5.048110472453649e-05
minister,3.871201010907891,0.00010195203503190702
partner,3.871201010907891,7.720639546105581e-05
paul,3.871201010907891,0.00010195203503190702
prison,3.871201010907891,0.00010294186061474108
roar,3.871201010907891,5.5430232638706736e-05
solicitor,3.871201010907891,6.433866288421317e-05
suck,3.871201010907891,4.949127914170244e-05
swim,3.871201010907891,6.829796521554937e-05
tom,3.871201010907891,0.00010591133736324323
warning,3.871201010907891,6.0379360552876976e-05
class,3.8712010109078907,6.730813963271532e-05
means,3.8712010109078907,5.048110472453649e-05
presumably,3.8712010109078907,5.048110472453649e-05
display,3.8712010109078903,5.642005822154078e-05
base,3.850147601710059,5.147093030737054e-05
christmas,3.850147601710059,8.413517454089416e-05
mistress,3.850147601710059,6.334883730137913e-05
owen,3.850147601710059,0.0003672252912314321
patch,3.850147601710059,5.147093030737054e-05
soul,3.850147601710059,5.2460755890204585e-05
army,3.8501476017100584,5.5430232638706736e-05
career,3.8501476017100584,4.949127914170244e-05
circumstance,3.8501476017100584,6.334883730137913e-05
district,3.8501476017100584,7.027761638121746e-05
enemy,3.8501476017100584,5.3450581473038635e-05
fairfax,3.8501476017100584,0.00021380232589215454
favour,3.8501476017100584,4.949127914170244e-05
friendly,3.8501476017100584,4.949127914170244e-05
laughter,3.8501476017100584,6.0379360552876976e-05
mass,3.8501476017100584,6.136918613571103e-05
paris,3.8501476017100584,6.532848846704723e-05
sail,3.8501476017100584,8.31453489580601e-05
silently,3.8501476017100584,4.949127914170244e-05
society,3.8501476017100584,6.0379360552876976e-05
thus,3.8501476017100584,5.5430232638706736e-05
unusual,3.8501476017100584,5.4440407055872686e-05
upper,3.8501476017100584,5.147093030737054e-05
flame,3.8286413964890955,5.938953497004293e-05
glare,3.8286413964890955,5.2460755890204585e-05
major,3.8286413964890955,5.5430232638706736e-05
weapon,3.8286413964890955,5.147093030737054e-05
accompany,3.828641396489095,5.147093030737054e-05
claudia,3.828641396489095,0.0001801482560757969
curse,3.828641396489095,5.048110472453649e-05
float,3.828641396489095,5.2460755890204585e-05
frightened,3.828641396489095,5.740988380437483e-05
hook,3.828641396489095,5.147093030737054e-05
language,3.828641396489095,5.3450581473038635e-05
manager,3.828641396489095,6.235901171854507e-05
pool,3.828641396489095,4.949127914170244e-05
pray,3.828641396489095,6.334883730137913e-05
senior,3.828641396489095,5.5430232638706736e-05
shade,3.828641396489095,5.2460755890204585e-05
useful,3.828641396489095,5.048110472453649e-05
youth,3.828641396489095,5.938953497004293e-05
bath,3.8286413964890946,6.0379360552876976e-05
bell,3.8286413964890946,5.2460755890204585e-05
giles,3.8286413964890946,0.000141545058345269
occasionally,3.8286413964890946,5.147093030737054e-05
corbett,3.806662489770321,0.0006423968032592977
cotton,3.80666248977032,5.147093030737054e-05
fun,3.80666248977032,5.048110472453649e-05
introduce,3.80666248977032,5.2460755890204585e-05
per,3.80666248977032,7.423691871255366e-05
art,3.8066624897703196,6.334883730137913e-05
bridge,3.8066624897703196,6.136918613571103e-05
chain,3.8066624897703196,4.949127914170244e-05
ellen,3.8066624897703196,0.0002454767445428441
fancy,3.8066624897703196,5.3450581473038635e-05
fuck,3.8066624897703196,6.730813963271532e-05
grave,3.8066624897703196,6.136918613571103e-05
heaven,3.8066624897703196,5.147093030737054e-05
page,3.8066624897703196,6.136918613571103e-05
sexual,3.8066624897703196,6.136918613571103e-05
store,3.8066624897703196,5.4440407055872686e-05
storm,3.8066624897703196,7.423691871255366e-05
warmth,3.8066624897703196,5.3450581473038635e-05
wing,3.8066624897703196,5.147093030737054e-05
clerk,3.784189633918262,8.908430245506439e-05
fruit,3.7841896339182615,5.147093030737054e-05
jenny,3.7841896339182615,0.00028111046552486984
opportunity,3.7841896339182615,5.048110472453649e-05
aim,3.784189633918261,5.147093030737054e-05
decision,3.784189633918261,5.2460755890204585e-05
eh,3.784189633918261,5.147093030737054e-05
factory,3.784189633918261,5.839970938720888e-05
flight,3.784189633918261,4.949127914170244e-05
guilty,3.784189633918261,5.2460755890204585e-05
judge,3.784189633918261,4.949127914170244e-05
milk,3.784189633918261,5.740988380437483e-05
model,3.784189633918261,7.819622104388985e-05
modern,3.784189633918261,5.147093030737054e-05
peace,3.784189633918261,5.3450581473038635e-05
relax,3.784189633918261,4.949127914170244e-05
shadow,3.784189633918261,5.3450581473038635e-05
squeeze,3.784189633918261,4.949127914170244e-05
stranger,3.784189633918261,5.4440407055872686e-05
style,3.784189633918261,5.5430232638706736e-05
team,3.784189633918261,5.5430232638706736e-05
chamber,3.761200115693563,5.938953497004293e-05
alien,3.7612001156935624,7.225726754688556e-05
crazy,3.7612001156935624,4.949127914170244e-05
dawn,3.7612001156935624,5.147093030737054e-05
distant,3.7612001156935624,5.048110472453649e-05
greg,3.7612001156935624,0.00028111046552486984
hello,3.7612001156935624,4.949127914170244e-05
song,3.7612001156935624,5.048110472453649e-05
strip,3.7612001156935624,5.5430232638706736e-05
winter,3.761200115693562,5.2460755890204585e-05
america,3.7376696182833684,5.5430232638706736e-05
client,3.7376696182833684,6.235901171854507e-05
collection,3.7376696182833684,5.3450581473038635e-05
history,3.7376696182833684,5.2460755890204585e-05
sarah,3.7376696182833684,0.00013560610484826468
shot,3.7376696182833684,5.642005822154078e-05
signal,3.7376696182833684,4.949127914170244e-05
smart,3.7376696182833684,4.949127914170244e-05
st,3.7376696182833684,5.048110472453649e-05
landing,3.737669618283368,6.532848846704723e-05
screen,3.737669618283368,6.0379360552876976e-05
ruth,3.7376696182833675,0.0005404447682273906
nell,3.7135720667043084,0.00022469040730332908
walter,3.7135720667043084,0.00017222965141312449
carpet,3.713572066704308,4.949127914170244e-05
clock,3.713572066704308,4.949127914170244e-05
crew,3.713572066704308,5.3450581473038635e-05
lake,3.713572066704308,5.839970938720888e-05
library,3.713572066704308,6.334883730137913e-05
receiver,3.713572066704308,5.3450581473038635e-05
restaurant,3.713572066704308,5.048110472453649e-05
whilst,3.713572066704308,5.147093030737054e-05
wonderful,3.713572066704308,4.949127914170244e-05
celia,3.7135720667043075,0.0002048938956466481
ranulf,3.688879454113937,0.0002761613376106996
cent,3.6888794541139367,6.829796521554937e-05
machin,3.6888794541139367,0.00016926017466462235
quigley,3.6888794541139367,0.0003424796516605809
beauty,3.6888794541139363,4.949127914170244e-05
cabin,3.6888794541139363,7.027761638121746e-05
englishman,3.6888794541139363,5.938953497004293e-05
james,3.6888794541139363,8.809447687223034e-05
passenger,3.6888794541139363,5.5430232638706736e-05
stable,3.6888794541139363,5.4440407055872686e-05
victim,3.6888794541139363,5.147093030737054e-05
beach,3.6635616461296467,5.4440407055872686e-05
united,3.6635616461296467,7.126744196405152e-05
agreement,3.6635616461296463,4.949127914170244e-05
coin,3.6635616461296463,6.730813963271532e-05
director,3.6635616461296463,7.126744196405152e-05
france,3.6635616461296463,5.3450581473038635e-05
gas,3.6635616461296463,5.2460755890204585e-05
german,3.6635616461296463,6.532848846704723e-05
soldier,3.6635616461296463,5.048110472453649e-05
catherine,3.663561646129646,0.0001316468025169285
lorton,3.663561646129646,0.0003187238376725637
mcleish,3.6635616461296454,0.00029892732601588274
eleanor,3.6375861597263865,0.00014451453509377112
captain,3.637586159726386,5.3450581473038635e-05
delaney,3.637586159726386,0.0004157267447903005
nurse,3.637586159726386,6.136918613571103e-05
yeah,3.637586159726386,5.5430232638706736e-05
bathroom,3.6375861597263857,5.048110472453649e-05
george,3.6375861597263857,6.0379360552876976e-05
magazine,3.6375861597263857,4.949127914170244e-05
partly,3.6375861597263857,5.048110472453649e-05
corpse,3.610917912644225,5.642005822154078e-05
sara,3.610917912644225,0.0004988720937483606
counter,3.6109179126442243,5.938953497004293e-05
georgina,3.6109179126442243,0.00014748401184227328
royal,3.6109179126442243,5.147093030737054e-05
taxi,3.6109179126442243,6.0379360552876976e-05
torch,3.6109179126442243,6.334883730137913e-05
toy,3.6109179126442243,4.949127914170244e-05
whisky,3.6109179126442243,5.4440407055872686e-05
dougal,3.610917912644224,0.0003028866283472189
europe,3.5835189384561104,5.147093030737054e-05
camera,3.58351893845611,7.126744196405152e-05
daine,3.58351893845611,0.00015540261650494566
scott,3.58351893845611,0.000263293605033857
twin,3.58351893845611,6.532848846704723e-05
dame,3.5553480614894144,0.00013461627926543063
cell,3.555348061489414,6.829796521554937e-05
steve,3.555348061489414,0.00012174854668858801
viola,3.555348061489414,0.00017519912816162664
agent,3.5553480614894135,4.949127914170244e-05
bloke,3.5553480614894135,5.4440407055872686e-05
grace,3.5553480614894135,7.621656987822176e-05
motor,3.5553480614894135,5.147093030737054e-05
prisoner,3.5553480614894135,6.0379360552876976e-05
beard,3.5263605246161616,8.71046512893963e-05
committee,3.5263605246161616,5.2460755890204585e-05
hilda,3.5263605246161616,0.000141545058345269
mary,3.5263605246161616,0.00013659593043109875
masai,3.5263605246161616,0.0001662906979161202
terry,3.5263605246161616,7.720639546105581e-05
morgan,3.5263605246161607,0.00014847383742510733
godstowe,3.496507561466481,9.700290711773678e-05
lawton,3.4965075614664807,0.0001237281978542561
porter,3.4965075614664807,0.0001316468025169285
grandfather,3.4965075614664802,7.027761638121746e-05
lion,3.4965075614664802,7.720639546105581e-05
prime,3.4965075614664802,5.4440407055872686e-05
gabriel,3.465735902799727,0.00015441279092211162
patient,3.4657359027997265,4.949127914170244e-05
paula,3.4657359027997265,0.00023854796546300577
rufus,3.4657359027997265,0.00022864970963466528
angela,3.465735902799726,0.00010888081411174537
cousin,3.465735902799726,5.147093030737054e-05
newley,3.465735902799726,0.00014451453509377112
ai,3.4339872044851463,5.938953497004293e-05
alice,3.4339872044851463,7.918604662672391e-05
billie,3.4339872044851463,0.00010690116294607727
buzz,3.4339872044851463,0.00018113808165863093
governor,3.4339872044851463,6.532848846704723e-05
hilary,3.4339872044851463,8.017587220955795e-05
map,3.4339872044851463,5.147093030737054e-05
susan,3.4339872044851463,0.00017519912816162664
nun,3.401197381662156,7.423691871255366e-05
pike,3.4011973816621555,0.00013659593043109875
ray,3.4011973816621555,5.147093030737054e-05
priory,3.367295829986475,6.631831404988127e-05
moorlake,3.3672958299864746,8.1165697792392e-05
clare,3.367295829986474,0.0002761613376106996
forster,3.367295829986474,0.0001603517444191159
frederica,3.367295829986474,0.00018113808165863093
wavebreaker,3.3672958299864737,8.908430245506439e-05
nona,3.3322045101752047,0.00010591133736324323
mahmoud,3.3322045101752042,0.00017816860491012878
preston,3.3322045101752042,7.32470931297196e-05
hilbert,3.332204510175204,7.126744196405152e-05
hugo,3.332204510175204,9.007412803789844e-05
investment,3.332204510175204,5.938953497004293e-05
letterman,3.332204510175204,7.32470931297196e-05
president,3.332204510175204,6.532848846704723e-05
sally,3.332204510175204,0.00024646657012567815
henry,3.295836866004329,8.71046512893963e-05
mouncy,3.295836866004329,6.235901171854507e-05
russian,3.295836866004329,7.126744196405152e-05
spiritualist,3.295836866004329,5.3450581473038635e-05
union,3.295836866004329,4.949127914170244e-05
warrior,3.295836866004329,5.147093030737054e-05
wyvis,3.295836866004329,7.720639546105581e-05
lily,3.2958368660043287,8.908430245506439e-05
marcus,3.2958368660043287,0.0001276875001855923
britain,3.258096538021482,5.5430232638706736e-05
charlotte,3.258096538021482,8.017587220955795e-05
everard,3.258096538021482,5.4440407055872686e-05
laibon,3.258096538021482,9.997238386623892e-05
nicholson,3.258096538021482,0.00018707703515563522
crane,3.2580965380214817,5.5430232638706736e-05
lizzie,3.2188758248682015,7.819622104388985e-05
cattle,3.218875824868201,6.829796521554937e-05
corporation,3.218875824868201,5.3450581473038635e-05
egyptian,3.218875824868201,5.147093030737054e-05
elinor,3.218875824868201,0.0002048938956466481
hilaire,3.218875824868201,6.433866288421317e-05
seymour-strachey,3.218875824868201,6.532848846704723e-05
david,3.2188758248682006,9.403343036923463e-05
movie,3.2188758248682006,5.048110472453649e-05
louise,3.1780538303479458,0.00010690116294607727
uk,3.1780538303479458,6.235901171854507e-05
ivor,3.1780538303479453,5.740988380437483e-05
marr,3.1780538303479453,6.0379360552876976e-05
ariel,3.13549421592915,0.00011877906994008586
maltote,3.13549421592915,7.423691871255366e-05
annabel,3.1354942159291497,8.908430245506439e-05
germany,3.1354942159291497,5.642005822154078e-05
tunney,3.1354942159291497,7.126744196405152e-05
mamur,3.091042453358316,5.2460755890204585e-05
priest,3.091042453358316,5.839970938720888e-05
zapt,3.091042453358316,5.2460755890204585e-05
carol,3.0910424533583156,6.532848846704723e-05
cocaine,3.0910424533583156,6.829796521554937e-05
daniel,3.0910424533583156,0.00011086046527741347
hitch,3.0910424533583156,0.0001563924420877797
mcillvanney,3.0910424533583156,0.0001237281978542561
senator,3.0910424533583156,0.00012075872110575395
titron,3.0910424533583156,5.4440407055872686e-05
francesca,3.091042453358315,8.215552337522605e-05
prioress,3.044522437723424,5.4440407055872686e-05
alex,3.0445224377234235,5.3450581473038635e-05
alicia,3.0445224377234235,6.532848846704723e-05
gaveston,3.0445224377234235,8.809447687223034e-05
sycorax,3.0445224377234235,0.00010294186061474108
dalgliesh,3.044522437723423,9.007412803789844e-05
plummer,3.044522437723423,0.00013659593043109875
arabella,3.0445224377234226,5.3450581473038635e-05
agatha,2.9957322735539917,7.225726754688556e-05
brocklebank,2.9957322735539913,5.2460755890204585e-05
charley,2.9957322735539913,9.007412803789844e-05
sam,2.9957322735539913,7.225726754688556e-05
harriet,2.995732273553991,0.0001316468025169285
stephanie,2.995732273553991,0.00011185029086024752
danby,2.9444389791664407,5.147093030737054e-05
detroit,2.9444389791664407,4.949127914170244e-05
mike,2.9444389791664407,5.938953497004293e-05
muldoon,2.9444389791664407,7.32470931297196e-05
narouz,2.9444389791664407,5.147093030737054e-05
thessy,2.9444389791664407,6.235901171854507e-05
anna,2.9444389791664403,7.32470931297196e-05
yeo,2.9444389791664403,0.00010987063969457942
jordan,2.890371757896165,7.126744196405152e-05
khedive,2.890371757896165,4.949127914170244e-05
carson,2.8903717578961645,9.205377920356655e-05
ernest,2.8903717578961645,9.007412803789844e-05
crowninshield,2.890371757896164,5.3450581473038635e-05
Dul,2.8332133440562166,6.235901171854507e-05
josh,2.8332133440562166,5.938953497004293e-05
mair,2.8332133440562166,6.532848846704723e-05
alexander,2.833213344056216,9.304360478640059e-05
desmond,2.833213344056216,5.642005822154078e-05
kronweiser,2.833213344056216,6.631831404988127e-05
leila,2.833213344056216,6.0379360552876976e-05
lewis,2.833213344056216,0.00010690116294607727
madame,2.833213344056216,5.3450581473038635e-05
mrs.,2.833213344056216,6.631831404988127e-05
roxie,2.833213344056216,6.730813963271532e-05
fred,2.8332133440562157,5.938953497004293e-05
tepilit,2.7725887222397816,7.720639546105581e-05
harry,2.772588722239781,5.048110472453649e-05
mick,2.772588722239781,8.809447687223034e-05
mr.,2.772588722239781,5.4440407055872686e-05
craon,2.7080502011022105,7.027761638121746e-05
mueller,2.7080502011022105,5.5430232638706736e-05
xanthe,2.7080502011022105,8.31453489580601e-05
rickie,2.70805020110221,9.205377920356655e-05
tolby,2.70805020110221,7.819622104388985e-05
yorick,2.70805020110221,6.730813963271532e-05
zeinab,2.70805020110221,0.0001375857560139328
gregson,2.639057329615259,9.700290711773678e-05
frick,2.564949357461537,5.2460755890204585e-05
kragan,2.564949357461537,5.938953497004293e-05
maggie,2.564949357461537,6.0379360552876976e-05
sean,2.5649493574615367,5.839970938720888e-05
finn,2.4849066497880004,5.938953497004293e-05
maggot,2.4849066497880004,6.829796521554937e-05
carradine,2.3978952727983707,6.0379360552876976e-05
garvin,2.3978952727983707,5.642005822154078e-05
clasper,2.3025850929940455,7.126744196405152e-05
magee,2.3025850929940455,7.720639546105581e-05
robinson,2.3025850929940455,5.147093030737054e-05
fairham,2.079441541679836,5.938953497004293e-05
